X,Y,month,day,FFMC,DMC,DC,ISI,temp,RH,wind,rain,area
2,2,aug,mon,91:01:00,103:02:00,638:08:00,5:08,23:01,31,3:01,0,0
2,4,aug,mon,93:06:00,97:09:00,542,14:04,28:03:00,32,4,0,0.392361111
3,4,aug,mon,91:05:00,145:04:00,608:02:00,10:07,10:03,74,2:02,0,0
4,5,aug,mon,96:02:00,175:05:00,661:08:00,16:08,32:06:00,26,3:01,0,0.136805556
6,6,aug,mon,96:02:00,175:05:00,661:08:00,16:08,23:09,42,2:02,0,0
7,4,aug,mon,91:05:00,238:02:00,730:06:00,7:05,17:07,65,4,0,0
8,6,aug,mon,92:03:00,88:09:00,495:06:00,8:05,24:01:00,27,3:01,0,0
